primary_id,measure,year,cost_1,cost_2,cost_3,cost_4,cost_5,cost_6,cost_7,cost_8,cost_9,cost_10,cost_11,cost_12,cost_13,cost_14,cost_15,cost_16,cost_17,cost_18,cost_19,cost_20,cost_21,cost_22,cost_23,cost_24,cost_25
7,measure_1,2022,0.721609499168907,0.730432076194991,0.9401546020958774,0.038998151019488114,0.9041074505941281,0.3037366175178364,0.16509366775498813,0.7554595026118658,0.4617332329002133,0.21610753187030485,0.4990308605062085,0.21061564979952951,0.3884008479820994,0.8929304848358398,0.5580693686069599,0.6364035559212944,0.6067940405490457,0.2414249058877862,0.1186587303909189,0.9013208059480107,0.2098055989424572,0.8232374704206503,0.03944907097157757,0.13854371696841805,0.2887001298147712
7,measure_1,2027,0.30488646910723005,0.05226003883024111,0.22592226576854046,0.584077752802461,0.659967357253295,0.3622406569166329,0.9802583234512494,0.5155921683257751,0.7198425708421783,0.7218083010463525,0.12285552471620975,0.612839581573313,0.7075603179872573,0.005752727848540862,0.3593660193167936,0.28152127508986935,0.3413987644219133,0.2668072772858884,0.5969341124350033,0.014211606557388845,0.8084194812449674,0.4279540011242977,0.9793000808541991,0.7917248247349167,0.18414874209101328
7,measure_1,2032,0.07305379610565421,0.6270317725253501,0.6449711894098435,0.36608496637675403,0.028492492981786244,0.8886604610592284,0.8866726998572032,0.25727490105559647,0.17423596583290268,0.8118726868715548,0.452116344116413,0.08484843236585504,0.15225500008186355,0.8891718118835533,0.7704472318339247,0.37643011553192895,0.6218044589362389,0.9330954550282556,0.3044607637186495,0.5800386710371385,0.46135349307227325,0.3473245285616172,0.03212137338848142,0.6958180373011891,0.22794021448292845
7,measure_1,2037,0.014307335318472836,0.575448853640559,0.8862280314863102,0.2479326172918902,0.9702080023576138,0.5484419632129748,0.1786682155451913,0.01041932181324734,0.6978656607230816,0.23939066297223854,0.5669027930298539,0.18413359612781033,0.3441514565296575,0.10096013865858466,0.9303264846711377,0.5524259354259227,0.5403339546597415,0.02106690395551125,0.9620955542391535,0.2749258507012087,0.6661857349912367,0.552326832067253,0.6004831077943399,0.7659265881545869,0.9116922829409277
7,measure_1,2042,0.5653283417586601,0.9251045922037363,0.1391071213572822,0.780599306175719,0.6938776415365628,0.36619377150278554,0.2561916394617276,0.624727036595895,0.8826216302587052,0.1947148737609724,0.2264295839720769,0.08771327451668576,0.7728082081812147,0.12768096194416068,0.869913103841806,0.05741667596091116,0.598554924585257,0.1832595295175946,0.6445707271667391,0.9366020063717736,0.903915711775172,0.43045664313116816,0.40277535620225513,0.24472665975013086,0.46487018509805045
7,measure_1,2047,0.339130453006505,0.07558147218770384,0.0938152180677776,0.9522137097313778,0.1818062674464307,0.837969507570907,0.2861841341369722,0.9523154085244773,0.7997318884704103,0.9410277704583125,0.20237530998934983,0.6480104686936885,0.4470368569347005,0.36089860315500266,0.095741513764253,0.7376962371386288,0.385204382611694,0.8273550549708479,0.4369686531891531,0.47503555414432297,0.0010081817508594826,0.9639447619164893,0.093190427269213,0.6345588600684142,0.25604559348078393
7,measure_2,2022,0.7943781912489818,0.6611663968711275,0.3268814308114081,0.5600064788514655,0.7160575467238057,0.3598213438725608,0.5253515238027747,0.6575878147720858,0.19947346624919804,0.24783478677684567,0.019722392119430276,0.6370228293003893,0.3494340912760465,0.30373612085538704,0.3007891870392079,0.9948929180849054,0.18324057565390894,0.9424916200863843,0.9297658268144265,0.4565944463073264,0.46567438014126294,0.4594197638805374,0.13799350226118923,0.187924216870912,0.9229220920325722
7,measure_2,2027,0.5291436089043831,0.4361169083834677,0.06508248426381391,0.1093301121802378,0.8179559728306857,0.7422324193674261,0.9296871959207457,0.5465935812962168,0.9299062707566599,0.507840471612096,0.8077929804816214,0.2859198709269928,0.6541864506413828,0.7064066875783477,0.6063367748900153,0.5537459080627457,0.419762354613875,0.24301861505692102,0.42878373018478977,0.017907398738844393,0.270432528179985,0.08750745964645834,0.29298486513514954,0.6687745772627387,0.2712507928124511
7,measure_2,2032,0.04591706672220297,0.6169510368076427,0.10908689354568868,0.1732126108639731,0.05897908025168974,0.6977475559717025,0.9667249888081724,0.8606732799563346,0.3485891246338847,0.5863670749904949,0.37547716388120134,0.46351201084203264,0.3325454347573443,0.48715409073768323,0.7523180997066521,0.8911961654195811,0.5662956005863565,0.5160888801929401,0.015171457926079546,0.813904286137295,0.7776651505098267,0.04972828637797555,0.10252383905448703,0.7695937241634948,0.5252883716015921
7,measure_2,2037,0.9948275879845,0.8945271810792881,0.5657387852537431,0.7674133284758298,0.9132112448889852,0.5567028373988798,0.5280885114424044,0.6830747858595292,0.9849668568036481,0.17921530070773506,0.3650100212234436,0.24188756459546112,0.8049407886005993,0.7170611214444396,0.9017411994376049,0.6793084619935346,0.16083078009397833,0.3959803465180408,0.25151138236693793,0.7460395400280314,0.7407374421984335,0.05747232643420752,0.6369569861825147,0.6788997720683231,0.30432012534528796
7,measure_2,2042,0.5274037822286438,0.024720231947319427,0.7549571123213756,0.4739346279202542,0.32851449567243174,0.11662612841161524,0.8744281400560182,0.3996311365335238,0.5074533998167121,0.6011943380837251,0.7803510740398627,0.4229443731741379,0.8618193267860502,0.6045880444301623,0.858125002845185,0.15716528226224002,0.7511218016199874,0.6617312660216905,0.16319018985776945,0.8027788914712446,0.45495521449608844,0.538899230476348,0.7473664412551905,0.27950357912165824,0.9947831146697929
7,measure_2,2047,0.34659992623302194,0.7258688845222084,0.7500418189766028,0.06612872818696469,0.8122965101990658,0.6573116454276284,0.20122616726772102,0.10133371265409918,0.8169787155830632,0.29137010576463607,0.7789627946103331,0.9010413835718735,0.44456677410645806,0.7818742960305796,0.72449234114744,0.36449634488369265,0.4554530028040259,0.7903587421358945,0.7247671770398245,0.4419071491651063,0.894472570396217,0.45436749301081936,0.6543441629250981,0.6287041475952707,0.21026447553522565
7,measure_3,2022,0.7606651138300426,0.7959142021629906,0.00916209908856458,0.672469947684939,0.6256883331668528,0.39502159807863935,0.8753805975874476,0.12098975413164181,0.9465771916411488,0.18611168083071816,0.013770893369400072,0.7295413657380586,0.6935365311711269,0.758657429492028,0.3556485837023564,0.6206597539268379,0.5989825886131523,0.05654809324126586,0.502404231559253,0.34654799507789413,0.8026113161396277,0.012047933606528227,0.5226409292534913,0.18111117581341563,0.2543739613206396
7,measure_3,2027,0.5415523220391353,0.1153428651260543,0.356334679141893,0.6489183774009174,0.40823978352197543,0.10696643656796467,0.3690615173899887,0.37296290166398216,0.776439530347248,0.6495760207681647,0.9777277598114863,0.21661852439844986,0.6119486065239489,0.22940270724791734,0.4794934347451154,0.34134009660857123,0.19895448671408855,0.5481964603084559,0.5680430772595847,0.031941910948929064,0.02300439001047161,0.4494106300502799,0.4499701645351193,0.7360707550912197,0.1950640344492941
7,measure_3,2032,0.5396759369493058,0.7408539272342844,0.4423477530095963,0.21108069482064673,0.9794146076108534,0.5602619421815672,0.9712831432919884,0.9267990601606603,0.7287082773229347,0.7754681640509922,0.08563574777228244,0.28374140083386,0.8058233675103422,0.815415883277619,0.3033298802420955,0.3766826974371993,0.9909684829543037,0.4040527764274625,0.2428542534531073,0.002295638025926583,0.22042232804658668,0.5654634538023893,0.41558305168641896,0.21751640633114744,0.24421738342015464
7,measure_3,2037,0.8631069448408716,0.4591862773916118,0.845398996661544,0.7753827003051872,0.5460707905080865,0.7690222096588005,0.6067838346334072,0.5398186404002888,0.46720000048573773,0.9516271840395085,0.7879927087361382,0.6243595071608562,0.8562777545207604,0.38443836513097895,0.5774161784472823,0.6667871773699083,0.31933744041821444,0.7041552206716222,0.36280103002438335,0.16452474914308057,0.765733166237268,0.6687931433604223,0.009794489522201744,0.6270836858575803,0.7576117387999391
7,measure_3,2042,0.9940766138410582,0.19092588661861964,0.7242204953575238,0.6314414150449246,0.9988347170162652,0.6877356897072721,0.7111946270476389,0.14679830721209364,0.2584096967503615,0.4782335241554405,0.3987820578342294,0.16441997142149067,0.46417812835638006,0.6711251917856026,0.9541822429196949,0.526722672196686,0.5573191869045816,0.8471907810838877,0.7547790072198441,0.9328532213195475,0.96529313838053,0.29643083100034184,0.7898977880351711,0.2637325303449458,0.0908586419505244
7,measure_3,2047,0.5803809748501232,0.5442915346656938,0.4346331330719774,0.16344927072441529,0.7697499703032226,0.4953516708333169,0.7965096642369837,0.3322452380632511,0.8354390993493077,0.22962829494475923,0.7694112436921443,0.30339944607060876,0.3567495940486374,0.0730733894943344,0.8493558490979941,0.5002020165897182,0.6998122719997946,0.6547545481942377,0.7390818980223842,0.8588822468760858,0.7424733001830588,0.6503234707089477,0.8102749565035287,0.5273105037545587,0.5083864461801701
7,measure_4,2022,0.8615859306384844,0.3806557074912912,0.2654498064526064,0.9873250185934352,0.7875816949512876,0.06291258443244807,0.6146733821259884,0.3159164279391945,0.6233997310485159,0.060377496528989494,0.5306594676788026,0.8683736463666618,0.44331743616362207,0.9505387095044191,0.6581669121496847,0.98623655035067,0.27701110119593364,0.11662509812166066,0.7292830825637594,0.27559915470099927,0.11055421564771561,0.31284902829972083,0.9751107463664154,0.7065415682485583,0.9491058349694591
7,measure_4,2027,0.08300872983510199,0.982191306993021,0.8018696996061943,0.990784966774251,0.01989811679302722,0.4032994082927581,0.21757711709284966,0.8354221525041347,0.3030035943300533,0.779608719282045,0.5876640755219396,0.8509201714611797,0.7463597846303359,0.24187193805355023,0.1603532998910242,0.28634393672531067,0.1262653827394855,0.8471559617453319,0.08338473050427475,0.4706193472073218,0.8737293308992281,0.3877681592824186,0.8474012422905828,0.7173933349934641,0.8145184929116547
7,measure_4,2032,0.6070102658263465,0.0930384745578503,0.20381572182203733,0.4289936673790554,0.5772043456334658,0.6682835005100544,0.09177501524668186,0.901219988918791,0.9784007963823688,0.24192920355119796,0.7367359155105792,0.19535970641699352,0.39433230562540444,0.5069612576893925,0.8221234851212702,0.5652629158487763,0.43005047032723265,0.5279206785346604,0.4629817263883087,0.5576483273841782,0.8526018579574951,0.09896291578175331,0.38154070748647195,0.9686927125524087,0.9585983702520874
7,measure_4,2037,0.21279909900468275,0.256370691579514,0.890841857754883,0.2581709410347923,0.04255573234315191,0.7485941765278897,0.4279786528014854,0.9480735636314596,0.8928724935325164,0.15912124922757998,0.006634209413130865,0.961976143069555,0.177821970739088,0.4227336148132208,0.43698368586696346,0.47623133876676405,0.03027590869372898,0.3185542970630789,0.8249713181549756,0.9668757560550892,0.4983137882738131,0.19619039397605298,0.11456962720720221,0.77338825122243,0.9018378362466114
7,measure_4,2042,0.9150696517060396,0.4565215901368226,0.7340793285189519,0.41211066633554316,0.8477688424522516,0.6922811820548262,0.6431930185591765,0.8221791096773097,0.7901116228954944,0.743861560492396,0.48182741573494126,0.3437146268754795,0.637136738378532,0.07483373444613772,0.47024463753902757,0.7708627738970889,0.6608083475169001,0.9894393814626534,0.30334097005651195,0.04186712749452304,0.34810349191235457,0.06388958516426102,0.7914955722405891,0.9042401363079642,0.7725759505066825
7,measure_4,2047,0.33920983674482397,0.6463511177746842,0.38444299253904857,0.9945170525707575,0.06976329330680564,0.4667550017434312,0.5261979556260648,0.3710894573888722,0.9014675431106178,0.9587884343684177,0.6932454210870989,0.33349398291828325,0.19334399796599233,0.009926274224300036,0.25001643639841775,0.4116965586138869,0.9102005613578665,0.8486445441518385,0.905826119690641,0.9484245678106781,0.0037515744743126245,0.75076688198973,0.6338937467793638,0.14851861177802694,0.9484528986581866
7,measure_5,2022,0.8335269684597837,0.44709365893057607,0.06233506207234685,0.6450201948226568,0.6310597342778163,0.2811711060422907,0.7750913490174809,0.8085204148508217,0.5960939389204779,0.017140586505299815,0.7987912673586522,0.7719379027700636,0.15397795110915546,0.7113904846196526,0.04523074077793887,0.26027516347496704,0.2810494830471313,0.31902710233926934,0.34722051152562805,0.5793102756799788,0.010918079233423916,0.42565654161795363,0.8326846512350105,0.32067016808187854,0.8639594042644104
7,measure_5,2027,0.7078037775860692,0.17824734947686005,0.6120399527026388,0.5772859670247557,0.7617833422692725,0.9008805932785975,0.11682590340206778,0.07252445968130061,0.8926443830191415,0.3198955809374655,0.9480365728935406,0.47488884315184887,0.8217203026132969,0.5789456650126056,0.7084384609952021,0.5694014751723827,0.17659237118889304,0.9887690559469352,0.4460014829931003,0.20733901013107114,0.6822801896779004,0.0336520111592532,0.5278238266342763,0.12410318539202558,0.7788553412039964
7,measure_5,2032,0.1267618633772477,0.5035078842002048,0.49108245077452095,0.8381052299568402,0.018765664644799562,0.5161636337323576,0.5873408120259711,0.7046875640762588,0.4892641305199452,0.0039915303658207835,0.7623732406151473,0.975589765851897,0.18275944841039127,0.3867186815565772,0.3646331686243973,0.8353394905621967,0.6006022231222551,0.5860159225777546,0.15966649183845416,0.9600214405648813,0.7088002046941311,0.933893584769303,0.741881779119935,0.26546141123120126,0.00928155138458353
7,measure_5,2037,0.4984898134827681,0.30593146948862493,0.7565369910870765,0.21605572617806934,0.44634197647053064,0.20503659667394825,0.18318057918582487,0.6472866105219812,0.6745238474765518,0.5090671073216516,0.9947640459073464,0.9697406252622529,0.13514685862307374,0.4100895668124014,0.11388976193117983,0.1984354424516629,0.17801797298718647,0.2741242032819343,0.3053765942631995,0.7282769497258158,0.9159064665167603,0.6237109572322005,0.18648276791367502,0.7152062444189093,0.9657811964994152
7,measure_5,2042,0.6427132953245357,0.06842129225505256,0.7285518175382936,0.5060465003452166,0.41682043243160616,0.9921979799757213,0.3466200846017744,0.5477817362678545,0.08521729519712928,0.0713469651849511,0.28398048713929336,0.9318675016169243,0.02068220153118372,0.09610181181983335,0.06705976496525701,0.16075510873995214,0.4882099095092799,0.7761630236409184,0.9401177178127542,0.9553175909563525,0.2853544739273821,0.9290017359422236,0.515218667245393,0.21647790553186086,0.25754218704197895
7,measure_5,2047,0.19428706334729717,0.28352948438424685,0.9696755379598802,0.08690237461009842,0.012218364585157238,0.945005429277706,0.7887486227424596,0.013956637121079973,0.8515419119476545,0.1357267238885923,0.03997324915875489,0.38137737838688757,0.32881151119249497,0.20129730798381595,0.1302960458648369,0.028297903171990546,0.8714220514924067,0.2893925833770895,0.162624542547824,0.27421158985267546,0.5203595972227315,0.7143642428200322,0.5752829640505075,0.38785857570318605,0.9565448518502634
7,measure_6,2022,0.8112366636852545,0.28872692601497485,0.9304359505586145,0.7865789037479248,0.1716926499885557,0.4372614825709854,0.09208938662821164,0.8803805920822528,0.8969504972590061,0.5442451886101304,0.34652224013747657,0.2071920777084938,0.6400766092624298,0.3008734390091291,0.08420280400066049,0.2579830719261944,0.13469974600840173,0.6052302461217604,0.5792521508898988,0.9873260488397387,0.6763129722340293,0.9525365948706771,0.2681646070668684,0.5563772675306741,0.4185974997871663
7,measure_6,2027,0.11145912965929894,0.8542309008568018,0.514708711099324,0.6867588824148013,0.5441335741641826,0.5802469596160975,0.004107776929849094,0.31412375154500083,0.9610317951147767,0.23909551466887857,0.9529748763493199,0.008134973346899721,0.029983435521368063,0.5536281959197927,0.7042629755621568,0.8013063163072691,0.1416957478870745,0.784577464012533,0.951743383781083,0.6324097387154753,0.9833691722662602,0.997292424717331,0.647724998604909,0.12932951670808102,0.017060609585378028
7,measure_6,2032,0.39393477250998654,0.7623181174203313,0.11832567904016233,0.7690849199524532,0.04645407088312736,0.6894695099606781,0.05449741460430224,0.4782140539764681,0.16667897636850781,0.6223909226651538,0.36042818828325196,0.18247701831189922,0.03015287650515841,0.4685223511805534,0.8932140521576941,0.8054000103003133,0.7843137334621187,0.24730687486874536,0.6164425196737892,0.8828072854567293,0.5137435848717713,0.8826270746897469,0.6694659692687839,0.9791795082853698,0.6954757992089047
7,measure_6,2037,0.6711714249685504,0.276745875360187,0.26613142680766455,0.9799558493540182,0.7255975853521534,0.06605090108426159,0.0221689295436841,0.16232428748066796,0.966170684289345,0.9831321938314996,0.11990136081627079,0.03330402646503172,0.20366769169974308,0.7511509253798072,0.9184265757523632,0.9087168422180207,0.6614461770218877,0.8627599435344799,0.2832761252745133,0.62449275755701,0.5256816638628996,0.4158257317030336,0.29277427297588887,0.8129538134668735,0.7069511337450824
7,measure_6,2042,0.44217269520096203,0.3486827853915737,0.8398968758078906,0.7717513500841963,0.36433983924128344,0.37730595384960075,0.6408863062989797,0.25829280985708836,0.40723836975036654,0.2845257408294066,0.34277371016363056,0.26002016092410707,0.5456564170739817,0.5766554475933173,0.5604603531136956,0.2317429743645194,0.2659545885523218,0.16867434414547688,0.7156329792056186,0.6353165620163296,0.43277055321536595,0.9094788858388783,0.9971364097520946,0.07868752491618491,0.4731644821177876
7,measure_6,2047,0.6483021607037291,0.3957864669767315,0.9801391549246972,0.41738683791681275,0.24703835029458454,0.47517389711093416,0.6983299092249865,0.8970053441732595,0.9575105926952886,0.10017936449846454,0.40121019168266847,0.33658763805724434,0.12046892246244845,0.7239292420992568,0.5701259393282984,0.4939871909552531,0.4318180847840396,0.022729583484149773,0.03887703507725626,0.5989368935200404,0.33394148574537474,0.14414198498017616,0.5336263192373181,0.8459515584292305,0.4123832866060756
7,measure_7,2022,0.12470118980977085,0.30106269204361547,0.6219293433278646,0.8401770610220244,0.2984643855530076,0.4630455251614808,0.8370158348858028,0.5883704303094441,0.7496035044777617,0.7219878578473117,0.12946266791550054,0.7403389866408778,0.7711541901479225,0.10311107780468465,0.4877521632648175,0.2211191827687533,0.9673350422488806,0.15315054898575153,0.3870789464456571,0.008294794226404667,0.8819505810566526,0.5376118476651004,0.33572900139571404,0.5888095630813895,0.41253390893146
7,measure_7,2027,0.4697941424493006,0.3532775190381583,0.28425908634019226,0.5853764389225214,0.26826970916784976,0.06842317950740995,0.8948050646099303,0.4794084636181708,0.04635412747114709,0.9904157730672335,0.014693328850510445,0.4390688421962583,0.2820064110550423,0.0449563130937517,0.5946218863482411,0.8771705084495245,0.9130603836942002,0.005705297449054014,0.704171489868618,0.6933591439097828,0.9420045612818271,0.3991748571668581,0.48933466676071036,0.929561730138793,0.0031734086149112217
7,measure_7,2032,0.2643808147506945,0.0039023497771379922,0.44352811251210456,0.016780236171957785,0.10234261178170379,0.7207950227639099,0.9817409608378381,0.7985459837907558,0.6848783053408374,0.7459160648610202,0.6984538975294028,0.9803176759445975,0.9230817470533575,0.6574936942949187,0.5944632792423816,0.9941046403449098,0.3886309630887249,0.7509301142064841,0.23179054043317726,0.4971097448087697,0.8414257739809156,0.5675060948892079,0.8154479195335835,0.5004884627188764,0.3240499046886819
7,measure_7,2037,0.6951477885879208,0.5072671156539404,0.9769181512465033,0.5145906485586421,0.4190853442934287,0.10660843277527043,0.7848671132999041,0.7676720964371653,0.08132420661858042,0.4596516004535759,0.7068117763101625,0.46799124781268264,0.34896075872050947,0.948015383991539,0.004636850105927071,0.795192157190463,0.17445356230640496,0.5856900128504542,0.23320927754054221,0.7067086808891888,0.5323712209648405,0.12507783654589777,0.42416614769303695,0.8468455299053957,0.5754527680610481
7,measure_7,2042,0.826010506432574,0.26212665327874807,0.4496316623748796,0.7877746760898616,0.8205565729342408,0.05534305080506363,0.465087566761368,0.18083217893648673,0.842818760412599,0.43772033917942144,0.27847791396517085,0.3925278742685765,0.824613510068731,0.19452380626534527,0.2299753022170713,0.42352681788698443,0.20904331390108832,0.5269987647965124,0.4639381175645634,0.029273945342724983,0.6243065919522964,0.7968775759266185,0.2366718587885811,0.09741249305714317,0.9106430923181091
7,measure_7,2047,0.5840258491600975,0.46594789561635397,0.1543928923474721,0.2965189754678976,0.24788180945537752,0.9264987740734585,0.4849118356970956,0.669523748338008,0.8009920096136686,0.18648831965525736,0.8636018198433678,0.07949109423036549,0.3771026952240514,0.5914102123513996,0.09028268362397351,0.06168872970075878,0.8002846159462095,0.8219863597923737,0.629124441793813,0.44872865661449524,0.9278341776696433,0.39346179053798935,0.7143826003040468,0.8967428944851673,0.3274476773590538
7,measure_8,2022,0.19975123448139032,0.08245686296285248,0.9459831899037907,0.765707212329561,0.6880387647257484,0.39072889819268264,0.7359094420270688,0.7409317092828316,0.40703333431670163,0.08238919236774545,0.9966056903226417,0.04027712426419072,0.7841245216368445,0.39925077675302123,0.7237970196249471,0.9680602924395104,0.14694464196056634,0.5548800336163598,0.8803656694366426,0.7610876919928362,0.5519434279505324,0.6619559936285423,0.5691980703433456,0.6213841351995687,0.9870011032695084
7,measure_8,2027,0.5813601126050937,0.1954058532082239,0.858626648177582,0.9772786518684947,0.9364877618395675,0.6292085559478037,0.15647043486691659,0.6052217397615375,0.5788784009669491,0.7941350639031819,0.3566898152568534,0.9267981308493706,0.8628665522040271,0.7923340514279843,0.7094980566639253,0.6051938310409424,0.010234210322421666,0.27021263883990154,0.8856183959474847,0.6946092043739767,0.2944213637966322,0.012971369180841852,0.8430155192269314,0.757511773896827,0.6949370106703032
7,measure_8,2032,0.9311175791911285,0.6791519220107347,0.27468514320518767,0.48767466091558365,0.509422065008894,0.4653365627967697,0.41291148620407103,0.27184587050785436,0.2968189770159244,0.38237242823171247,0.6647982900267267,0.26280601021867445,0.7497629540405228,0.9881682911449031,0.3353460623591381,0.27365522931184205,0.7209346590205782,0.6296801141205234,0.974150124571424,0.715073844167109,0.14515304665054074,0.44480912188922606,0.09874322115800982,0.13627125833303688,0.3990528277006723
7,measure_8,2037,0.7495468937467954,0.35108342107458845,0.09771135229471739,0.6651304902518562,0.7836177280452912,0.7560848852670765,0.01874415431832377,0.9909174044629676,0.40931986949987675,0.05846464572173715,0.22409458846022334,0.05463557375110817,0.5861434458482389,0.7034609162461241,0.2852292583543766,0.4913222113271728,0.5111939412500784,0.27247643557713686,0.5966233723186615,0.1186811566096928,0.17608134346528825,0.9445328452601534,0.15828816441160742,0.46599298349796914,0.5190257403921382
7,measure_8,2042,0.6411700796013937,0.3051721413284382,0.6989805979830223,0.038739463756409465,0.20384928894396648,0.32916204326965515,0.8372331670325718,0.044592620775111835,0.12132635907125844,0.044159764217206465,0.9496627963969374,0.2701377925602555,0.6546105314766818,0.46770664002557205,0.10966959536986576,0.4961348026345388,0.4788186485254151,0.3792397356681684,0.6103528962029645,0.7495065727051572,0.23518317572715097,0.02617955229024993,0.9821708211256813,0.5715096151018241,0.6939895284529946
7,measure_8,2047,0.8422810898597438,0.05436657706663961,0.09946334323749018,0.991028839316113,0.8845596193508419,0.6437846355456811,0.1780750179253423,0.049678807231088196,0.18978264296976444,0.5087417353255816,0.8982228513811518,0.31082867162770644,0.07612623444059463,0.10433878047034617,0.9489240146040686,0.25230947619158905,0.6637312736713943,0.9561920911627602,0.7802457700557119,0.7270650423546912,0.21305937252516594,0.04674545204725744,0.11600339525139125,0.16541122900133765,0.6556696587618452
7,measure_9,2022,0.26295592753692987,0.8873367015650349,0.09259202385003262,0.7686964982175514,0.1746074445357747,0.10161411733397618,0.8557539654234572,0.4202193426067161,0.10328397186512517,0.448336914526857,0.008809196898546756,0.1752638454869423,0.9757665161631969,0.7059950446491213,0.7644833803166563,0.6647394332435181,0.1366003555164793,0.8182196438738,0.3319168305310852,0.47309380151325353,0.6400962804100662,0.799057875488737,0.12860752402292375,0.29180920042919456,0.666506284604113
7,measure_9,2027,0.5633813492903754,0.7283633051336008,0.7546029004306282,0.9777098371755475,0.14092649368175392,0.606651453440351,0.8774919730532781,0.3870960275370987,0.17218449638255606,0.25659918846824403,0.9987481423861686,0.06730062831513361,0.4748954813111145,0.7680411412169497,0.2990161352260685,0.9289978400888178,0.7134365974289864,0.5958841312929302,0.8480457290645586,0.9802138245860074,0.2607427309055719,0.9426323667759225,0.12764984435080307,0.31350522183307616,0.40330817171819866
7,measure_9,2032,0.5452248576171593,0.4650347929599006,0.583079144514218,0.4047328878326705,0.47503019486225706,0.4223978699402704,0.7688388029811881,0.6198446688277149,0.06507244711747584,0.05748799523657233,0.5391212107492173,0.17271091668002603,0.39729928008977633,0.5465501531520185,0.4912835824112385,0.06346396993491343,0.3007595288835988,0.8519971699269204,0.3561996447107587,0.07525411252754544,0.854425329405358,0.9628525217644284,0.46186694187841604,0.5905690938991073,0.537581819961058
7,measure_9,2037,0.6992765047212914,0.06542262333162452,0.9115853439272312,0.05391280832669698,0.6623777175128613,0.7727461234920352,0.08278169393699786,0.4895586383766737,0.13808559826974465,0.6063154761476193,0.306359477946612,0.15337762052092108,0.4258501774577502,0.4298774021236996,0.279305354469781,0.9057415406024697,0.17965493064259785,0.22449893148737488,0.5957028254917536,0.9817603258183514,0.7270029603036383,0.43714222078283094,0.016957938261772165,0.7979462777664829,0.10805358533593434
7,measure_9,2042,0.05405770864632553,0.7406437252534317,0.5646151863128588,0.46035036765209447,0.14655219091825378,0.1672879922806325,0.0844226565140318,0.9428639734695712,0.48223296219238,0.7498090536371648,0.21404327773203613,0.6660019777689054,0.1983056943507563,0.6300433904564444,0.13727225382638486,0.1915136269050145,0.5438833784590671,0.817104083427968,0.1549014283644261,0.45618144627015955,0.9819285299880018,0.666791219306291,0.20486405774081995,0.22290295200597132,0.8079682754717668
7,measure_9,2047,0.13718745286163647,0.4349865764011672,0.12791003451783212,0.8477597858638621,0.8486504613855345,0.8791281316581705,0.3064028681392711,0.20023667924538524,0.6255431512546897,0.22010436939773148,0.6850083566722616,0.2214611092117149,0.2479922652164923,0.6370945104393588,0.11916861324213224,0.7575441127635639,0.6741589077372346,0.032748929200899224,0.9698607456691967,0.9005393140737833,0.10814025550644035,0.4918162827486211,0.12056444093111018,0.1189867458552194,0.07111290235282008
7,measure_10,2022,0.17926064029653033,0.11912991184308386,0.8634293484882108,0.3239399125110475,0.33916637383972537,0.2807423281947925,0.7770781519128239,0.0686952405029182,0.24493430947481865,0.17768554854979857,0.6056859683466519,0.8581072932206646,0.4284441550020758,0.2604323440617675,0.0708608724851496,0.7704530894816185,0.3278616199582124,0.9072352268541166,0.3963070006506876,0.0756064459574447,0.3784646655459034,0.4740566725113394,0.24617630943584512,0.5146541618676258,0.4687584774796856
7,measure_10,2027,0.7538755730786123,0.4707448320600256,0.5562362227106209,0.6764931554978374,0.2679486592052909,0.7746520689622696,0.5180583289987469,0.31095930464326094,0.27684990740657334,0.2220661935698537,0.3645538685098706,0.2658997503338274,0.6030282413915125,0.8583104969089282,0.06462961032801595,0.33294704407381104,0.8085486028522352,0.8229079717887448,0.8610657169295037,0.2934457353772343,0.707284586239879,0.7695514280868219,0.9040919160316248,0.09156182134225621,0.23149662201975074
7,measure_10,2032,0.009895167443887187,0.018057184193621234,0.13364911693239523,0.9816446573533893,0.8410243207731045,0.7721100729867042,0.13591439378812964,0.33863733058513135,0.7116953902341359,0.5137314953645638,0.39737570762328955,0.16615872802724307,0.37714206308004505,0.5974586855538215,0.7400960447676079,0.7933743073389062,0.8256291553403784,0.9518140236729536,0.513882046152597,0.9554426459729567,0.7307623807520173,0.4197711988128232,0.931445277157112,0.37887025664647966,0.738579403356995
7,measure_10,2037,0.51241118067632,0.17699389352074169,0.17744147366269947,0.2980816606339922,0.5105210942484145,0.9787262105041425,0.03978147390734044,0.013511063364059384,0.4616591115978945,0.2542050259313986,0.3739821486832373,0.10804319875191282,0.271387607252507,0.9552320677230027,0.6817649056786287,0.42719742291314855,0.8663206118210643,0.8131050867626229,0.1277854832146792,0.5934662047841676,0.9434997575040917,0.4418385372367719,0.1881454466327036,0.13988933613289312,0.44750282545320486
7,measure_10,2042,0.43200847214632443,0.31253969922143665,0.8994253610331187,0.07735071629807155,0.9853115018707019,0.22015038002061382,0.7469801445918516,0.6499318770426661,0.3017280131881619,0.2873199275873497,0.5503672299424137,0.4083134405127139,0.371906898515596,0.7632454435263127,0.6488772360799973,0.4451573002796687,0.3240797185367318,0.5025776958941568,0.43052974844833225,0.3322077593692727,0.7854393970183858,0.9936674306654684,0.5760772548047266,0.5090111219114862,0.8766175214912989
7,measure_10,2047,0.5934843334886704,0.8984224955019555,0.5177920511724342,0.30286517952951464,0.9127450710761769,0.22033860029770502,0.8576133090583999,0.8019537975350529,0.13862506764529148,0.39137525717058197,0.4567803624233707,0.4419885859895676,0.6040498492942711,0.6632052172995689,0.9540203286863884,0.1677989320340766,0.9208641871412333,0.29524189936177225,0.8889387245846162,0.07258976133615702,0.9764985959905146,0.319953113981024,0.948082797055425,0.8532962730266533,0.6194846224118252
7,measure_11,2022,0.7232291737472142,0.732532955898642,0.1856545333026095,0.7705237138174653,0.013632004460442881,0.06608410103753215,0.2742519925671335,0.39450837798657834,0.2158326044828901,0.2755516837494495,0.16225848089475392,0.7902433185413377,0.02277205851875297,0.27974659224536036,0.25609157485214784,0.005177456487530985,0.8316547627718031,0.015093248294601014,0.9901995408506249,0.40934058253657324,0.34860891260124094,0.2715240484270214,0.9258116220554761,0.14633599621468862,0.014108109768283361
7,measure_11,2027,0.07714366722336963,0.7448445067230178,0.8021860266704219,0.7282648892765586,0.08077637304319185,0.8635051833453283,0.7147998265688853,0.6056949768719745,0.20043015185761048,0.5202368953586738,0.3232888424167536,0.43243552662095974,0.3250785424183612,0.9470577028825106,0.45410066311243613,0.48393815053831346,0.44166057531381375,0.05200897626889711,0.9428608943980004,0.5544597588518161,0.24304988397152993,0.9405807259889362,0.8669412202571667,0.39106333609675703,0.29652714930636515
7,measure_11,2032,0.1618868570332367,0.9271825330954983,0.23049894437248175,0.24598469881562468,0.5259622482744698,0.7778647815648155,0.28761649040790993,0.7468138880776335,0.37563763212525714,0.4987687427418943,0.016678903391653455,0.4818879141539031,0.5880313520923325,0.23066922842431203,0.1002796497587286,0.675396020871815,0.46062736700943796,0.9616705293620533,0.05078533670280849,0.47339212447370704,0.5796778109147878,0.49434114156437636,0.2543440061616341,0.6690151967956433,0.475366723907068
7,measure_11,2037,0.7329485858294567,0.360992773195984,0.7495713198062152,0.012654765006344881,0.3800290224594671,0.9256129337069272,0.3798906256405532,0.6379335453201619,0.3378883007052512,0.09295843980804375,0.004261411792363057,0.7281354403514502,0.6193778682648602,0.09606086998888086,0.329228854141533,0.5918919083776721,0.1563348511032906,0.7779317475762728,0.4818164731021597,0.9932639988271826,0.04367776393566947,0.008674571133037379,0.34509193978148833,0.48648590135674996,0.736535222707907
7,measure_11,2042,0.6030497796728091,0.7380246397797837,0.29230183188514214,0.5292807957366864,0.9384760184425678,0.4436271406869118,0.26156198067226977,0.8091117505671912,0.934857353507801,0.6606659602288458,0.5227589592862835,0.6621914426458712,0.01127671052678203,0.06828588535413771,0.8054528251498427,0.6205909695752525,0.43617085501971653,0.8528150510320734,0.4518163383724062,0.9899025084589168,0.7942554432938009,0.5656368919286873,0.336702302171897,0.39326827095903916,0.3644154162473039
7,measure_11,2047,0.7357700305698608,0.4564780632019235,0.8505238542532905,0.7940627453099102,0.11764860460572246,0.07087930693072597,0.16339135493924217,0.5839318892500162,0.6132221556913434,0.16345376707356807,0.2088611076285104,0.921523775367921,0.23816772905118266,0.1024616657192644,0.6860724734368845,0.11358246195590183,0.5616761921462627,0.08657743285358743,0.5810180081947596,0.24453244176847522,0.7172190838231638,0.9681957239560972,0.05538557070999861,0.47642986280639243,0.7581202357728988
7,measure_12,2022,0.036993892419936,0.5259461886120125,0.4088139456927278,0.3839056778579365,0.6934762064359346,0.7534801765502931,0.9657695548496554,0.7638276776265777,0.9181052877551008,0.26299386869929475,0.4795073192910998,0.5780194419029502,0.08116774644884228,0.6489061432869161,0.3964645114396397,0.3999180754487741,0.6929467567601009,0.7890817601607183,0.7002490117023392,0.9413264310099828,0.9226917670416976,0.9063307272610968,0.014666361340737954,0.009971476245016153,0.5074394770756085
7,measure_12,2027,0.099666218674202,0.7411265716573388,0.2902804644359117,0.47511274618353305,0.11345550155999584,0.9057472843477314,0.7679331247611201,0.39320528570992674,0.9780578598387647,0.44506307393111877,0.9507061243628033,0.513186470634997,0.8224168253290622,0.191578182309736,0.5524356968939471,0.42950932112586615,0.8360084953914428,0.8177841575757685,0.6630878404061634,0.011145373867849084,0.7456040068563891,0.8189312480374114,0.8772940683244576,0.7073592217497839,0.7826128219712919
7,measure_12,2032,0.9019727926871313,0.9067418132982769,0.7242383736722294,0.3613016994510452,0.9195839176658189,0.3386791415429278,0.5135378767069272,0.5766317789231965,0.44178303661069995,0.8592258381920287,0.7316206878959436,0.7417379740331651,0.21176440334532898,0.45367154078837446,0.46821751298235514,0.0012717154500599959,0.965355031837786,0.7543916640336127,0.9270646906625344,0.39844846916610277,0.7142688468573202,0.09171122243636376,0.32554220850307314,0.7678975990842087,0.9740019396618205
7,measure_12,2037,0.8054333185929582,0.37729188538631375,0.3638569595284715,0.6063171520937058,0.4025688120447005,0.456651429561595,0.6389786338713401,0.1399944017897855,0.4531347989732649,0.7431935741292741,0.43875917302937006,0.3047165196486644,0.7771748022074221,0.5628576019997633,0.49550246762831607,0.324296430438043,0.09017308159943727,0.9538290909973045,0.09767648783551364,0.0330043499372058,0.5525765741752551,0.12343890735163288,0.42356788579042637,0.6695042591093995,0.32366441120604394
7,measure_12,2042,0.5542644580491801,0.8572974509578859,0.058108633511369856,0.6026962399629643,0.03602410143735102,0.0005471218562690394,0.5692005792637266,0.4577902979715893,0.8897950097740908,0.30628736084541053,0.12909313224383345,0.25806221305146604,0.1339789318264748,0.29268716886597435,0.14589945890504996,0.5848016558961242,0.9170304365066395,0.16033848751731516,0.06751397954465177,0.6076347788385809,0.9080464296616679,0.04853630647760432,0.4467887255004971,0.06206417307007417,0.19675244204850795
7,measure_12,2047,0.2337515494548339,0.27146308631525806,0.28194748795939184,0.2367606247778834,0.2910617415519724,0.026375024612271036,0.3075006615748803,0.49197875241346567,0.27405854216983894,0.08338360252807142,0.090257969513725,0.5521436392447824,0.31644956369172816,0.25623315640548583,0.8763327885822648,0.5256263085244184,0.7413920406107558,0.550204486999262,0.582281683506808,0.15934483958109946,0.3843718159765366,0.1367640369936184,0.6745389051013784,0.45098550800193815,0.7641214799796793
7,measure_13,2022,0.382593713162087,0.7829096733074445,0.763195454592627,0.48219050220318793,0.9057805554436112,0.8402109425193302,0.8187527967958961,0.43768276104772597,0.19509443750226518,0.48951321424751393,0.9142324307547517,0.10779766977435101,0.4658991460631092,0.9417084551464867,0.742470790687884,0.8486604395640436,0.8036595640633667,0.9394045938949935,0.9750668695965476,0.4143386696037834,0.7521048150597164,0.6900873851296861,0.772971238550843,0.6822562603852446,0.04062855328199533
7,measure_13,2027,0.5750267068822211,0.19428960106155546,0.6284483799692315,0.9408402810629747,0.2825645228386391,0.0400054115525722,0.1561580501443426,0.46639312529771426,0.3928323186135687,0.8952207865365716,0.9781440744619627,0.19935689610261542,0.5973325702640532,0.8710310318214994,0.356621942283206,0.008088184984193059,0.01811580537155122,0.48051990966709524,0.5335732703666972,0.8582007934503607,0.7596828849844971,0.951527285924595,0.9840060452186965,0.3315625541444315,0.7662336854916987
7,measure_13,2032,0.3606153493289389,0.44699519446019376,0.9466256972905749,0.4757630810714967,0.45979114090912343,0.6896037616913053,0.843961171669359,0.19338927575564369,0.8742642495913285,0.321611097190565,0.14579738710543533,0.4798024622505169,0.47366948098118955,0.39070418269902063,0.9298943802868986,0.33451099196966394,0.4151790427841523,0.5238626064928159,0.022780618519197326,0.21226766139402242,0.8360474781071313,0.6047878514533416,0.5574781189353868,0.685636310079794,0.05942301715257736
7,measure_13,2037,0.8877924115508956,0.7923701933049511,0.8057776984997153,0.7876466041274343,0.41508045616501354,0.4376141509037931,0.4018849790511949,0.8301043112136277,0.9693728853552291,0.9568651138908513,0.088131378929307,0.09736967966579502,0.8056245586292048,0.7786082804615064,0.3592652921859798,0.42210412007299736,0.5392259588407662,0.35627972889128756,0.0713573139750383,0.7386198456101163,0.9384337598405325,0.592643419669348,0.8020777910545271,0.06844847525068021,0.2067413376471834
7,measure_13,2042,0.8610494055401396,0.7387101424875758,0.5836132448490416,0.6295628878703543,0.8876418548123258,0.028383246106508664,0.8780615700955026,0.4103038793689826,0.34685196005443497,0.6512349915291502,0.37436891937241423,0.7853625611667995,0.3710474145872843,0.02469453065870386,0.8952882546981293,0.4209583957478167,0.8832144476642928,0.8152657705924848,0.3571202527736389,0.3350566914045282,0.23204370448332035,0.8870277870754174,0.5016961737487665,0.6717189519162932,0.14569559994953318
7,measure_13,2047,0.9858780249889535,0.9509678667948034,0.4662215113684458,0.5078844628470685,0.0023877447394665685,0.5478712214277666,0.8302175731254893,0.8732926049199269,0.7269683633823011,0.06795136261254531,0.5107661877641517,0.9297221487476381,0.6224807476959819,0.1251062651952236,0.7208625253569014,0.9468540721673805,0.7047783810312601,0.8635857402765501,0.16653931066393246,0.266141057305344,0.5277210109227226,0.6100579548194968,0.7198459495287813,0.9910611191994321,0.7390174969065005
7,measure_14,2022,0.6857987240095359,0.4605899686006125,0.4300209909123275,0.8582076218479746,0.6965610686789291,0.15084862456293602,0.2873394937143592,0.8382309501298837,0.999957134586627,0.4734477357135348,0.2040438397960992,0.28612770124683595,0.09062486516590351,0.5903208726811316,0.595490276785918,0.48587123202005167,0.1611984786075179,0.8535965214876922,0.7024257607642551,0.94625580641646,0.6237745119680235,0.07376591483729422,0.9320101532158418,0.8993339902154763,0.8505987875955412
7,measure_14,2027,0.18421113815457257,0.3807541339322754,0.468204578895169,0.4211665345027832,0.6677163405114334,0.47671467190873384,0.5424889622863942,0.28337835830637015,0.6036491171585715,0.27048591075055495,0.7136709769266317,0.7063615049286548,0.8450874537772805,0.9883826126282996,0.7361059265515266,0.5279176801342346,0.6519826121463611,0.6245522867606935,0.002485907791944242,0.26143379908759656,0.3425838177235846,0.6711229708668526,0.011184541974079476,0.4756675628935738,0.8196967582278543
7,measure_14,2032,0.8015067854747387,0.5168277327492901,0.255904127681819,0.4781372310811385,0.4346529416534455,0.45962283986307806,0.2698700061589001,0.927248094005843,0.933016938249912,0.8445917365658605,0.5670598788413621,0.9195943379231252,0.5233826830365788,0.8076074544882323,0.21639384054405586,0.7301653404531103,0.8492110477863238,0.37401696155149944,0.4274988664416869,0.7516729014746845,0.7500917660391736,0.065715139179367,0.48201254165151464,0.3297841504086624,0.8731046268796412
7,measure_14,2037,0.2676873394056186,0.8901768774482333,0.21559813180155474,0.5892611469612944,0.5602968542675411,0.07284542266866068,0.6827828051561451,0.6173240557834564,0.9601294467686443,0.3202919601920795,0.7273348775100635,0.709111976919508,0.3723220548739359,0.03756097281826365,0.21688416103497898,0.10776774441106085,0.9275237971604726,0.6948573949660266,0.9633140309087127,0.0875541869011377,0.7646098820976102,0.5286614484741375,0.8032724408724509,0.9232568528546887,0.016476193302113695
7,measure_14,2042,0.5452793722041062,0.8776871134877949,0.0790401164721678,0.29784171096269396,0.6698246082979212,0.037599334881417534,0.5224281233486162,0.7710801651749957,0.0653147034521484,0.008536717198603605,0.16074521032775924,0.6921413822898792,0.4099823678173218,0.5867085468086753,0.5095532014294811,0.736103711831039,0.9705329245714706,0.1685301405966606,0.3437791498511853,0.7174410682633068,0.408850894089811,0.4303061273019897,0.5575178243776362,0.71501160649192,0.6192083848990312
7,measure_14,2047,0.41601805284203175,0.32146105957809923,0.2817815852898544,0.7402696772122107,0.20088061185174066,0.5187500574302418,0.9544979226000655,0.9729755979396975,0.14590237265416028,0.1631612748670087,0.09081975637956585,0.998706633420694,0.37101002116036186,0.1568210071051327,0.35854068245491344,0.048715222287290194,0.6357930683132094,0.5664567962615674,0.0396119723592403,0.5744092854712223,0.23343074415450982,0.9932888687584378,0.12874338567098464,0.6392990375141355,0.13647896504308688
7,measure_15,2022,0.478109422575018,0.6416327684549482,0.4248924791670824,0.20052196997839955,0.46777325398722247,0.8416453967759261,0.9758477911341286,0.31638198094224934,0.03974974503065509,0.5824499513240776,0.04644999679817374,0.5255660362471509,0.48850588813841644,0.23920629634645219,0.666623545014049,0.9438245474526534,0.9371894735100702,0.6792518290822369,0.9755478936450577,0.35344170761227367,0.09933594431127968,0.35439947306585096,0.9728141789045663,0.07291012702083277,0.9736883472967749
7,measure_15,2027,0.17240599900963915,0.8095382104234935,0.4146661609296085,0.12195631639192894,0.07534089555909618,0.6518092123833342,0.438192820108683,0.9537396669992606,0.6739965668151126,0.45016475934468925,0.05830034282616503,0.15973166584221787,0.595593176719087,0.9112250065903647,0.0010713409511794447,0.7597363793472165,0.1993387769910756,0.07493371881327215,0.6168175526270728,0.8386601108521481,0.38869973518480816,0.420971030404411,0.13907627310930482,0.9598226264673106,0.20156516453781492
7,measure_15,2032,0.4896497682978118,0.5451170743977888,0.7457303664901629,0.9529081016924109,0.929492641549689,0.7028665651821829,0.9315580308138727,0.7897573650542772,0.00934011547326219,0.5598075584673244,0.3365629867056681,0.04751703582738098,0.5803746155029448,0.08712376089259166,0.39966776582293984,0.757043011277422,0.6378357641671206,0.08496463857337533,0.8096152764164419,0.09012056814431435,0.6409575681191159,0.5052585458682439,0.5032760638668123,0.08070569262348193,0.5801082004159925
7,measure_15,2037,0.6367053035956912,0.8764340184584233,0.6155103764510219,0.8361793183934105,0.6940825882321917,0.8147122164137918,0.473508511477306,0.1137008993363886,0.5774561159935961,0.3011242628705041,0.40050944111511777,0.6867672190073406,0.4742098867941985,0.03126604268026145,0.4965784875415219,0.29528342186696477,0.23563208631439636,0.759493193760135,0.7772614200115373,0.702271760634799,0.8313579230622238,0.9109873933646465,0.5940179804074808,0.5272227280660624,0.27501438169186
7,measure_15,2042,0.26820517501974794,0.08103177490125357,0.15345901435784126,0.7474185659269182,0.47012966360785935,0.47821776239207026,0.6980599671747751,0.23441890332086524,0.6440289316841535,0.7526643057091185,0.894845211624944,0.8280432483624098,0.6168123515407521,0.8507045646468258,0.22659677364432385,0.5893000119656941,0.8143291855432611,0.4308413935968276,0.7793087586096334,0.5077614888984141,0.67522005667747,0.9126082920732895,0.4817029043687344,0.29882833404544984,0.323749501840946
7,measure_15,2047,0.2049769171928586,0.41071182575830967,0.3350037140155908,0.6459756253020069,0.8114875557544291,0.5343306481740661,0.20371324976216032,0.40213787952075086,0.014432050849807032,0.38191775124807226,0.7769389351978967,0.11518121870401332,0.5143639900705214,0.8492012038377819,0.20415438737793967,0.019107060412943855,0.9268645015089321,0.5269662714396363,0.8613432769214537,0.5703672645005783,0.4075031064044321,0.960815420638495,0.6863981261372077,0.8035018144112488,0.9615394619805012
7,measure_16,2022,0.379448089006027,0.5282427478044719,0.8475458403246564,0.6461665918558003,0.2401998594030369,0.5740655381539943,0.05730043943875773,0.3004031636549599,0.5825298341210224,0.19016177056816197,0.5819275077826724,0.13760070144593306,0.02974956349377178,0.12703793649469142,0.8312504944430812,0.2677149508159955,0.8002233548293226,0.6564404116598623,0.9606973492316231,0.923558360847054,0.5219204869478559,0.6242274697733567,0.4588290588191689,0.012591875666774222,0.7142030598178131
7,measure_16,2027,0.1411084261494958,0.048744045505124345,0.4889410680802875,0.5834782774080197,0.8625522339125231,0.4862684579019545,0.6079451090302125,0.28068819748032436,0.10972645571108564,0.476043073923343,0.6704224878180409,0.21870525653028605,0.2120773863031502,0.6224397509910102,0.842107140403835,0.9760750322998097,0.21401710436697363,0.0978095460253563,0.06379030577872635,0.5826092218718386,0.7503855881014531,0.9503284469014739,0.3648232899505899,0.5676551404467132,0.8149290761898672
7,measure_16,2032,0.9368655531882142,0.5414749004094696,0.46560869964266316,0.04314491325995973,0.1163761593499103,0.3747939030288524,0.02080990954778461,0.14092755103535703,0.929613831502009,0.5985627897559515,0.08472021392410056,0.6601123534952176,0.27973935386564175,0.3873411738651076,0.8254030631873787,0.6098683619570678,0.5458664033003239,0.5048860763582079,0.6662391834528717,0.3179194019123366,0.7525969134986624,0.4486468657841478,0.8506271628906286,0.6575863790345634,0.29589574077309067
7,measure_16,2037,0.4078528633430052,0.6162361185902953,0.3054900580636346,0.019157531330318056,0.8008496256750484,0.16757394902910216,0.7008882865453936,0.2260779567346367,0.5352123191404775,0.654455523882252,0.8399504949625869,0.2793270129792458,0.19262557539948144,0.31227629436902715,0.3165325049896568,0.9749392243158873,0.4029420282826285,0.003970383053715443,0.21488573379922404,0.3244833321462033,0.6329573744357686,0.019075215303544057,0.10688936849962749,0.9396728047670786,0.7216766846877065
7,measure_16,2042,0.700892128949373,0.09875806290359967,0.24493359500669376,0.13655654783146753,0.6944727780115592,0.4563287924744813,0.2916481171846226,0.8626672983840236,0.5268247975573407,0.3994986678383807,0.9235721003176012,0.9111491961219315,0.1854632625683752,0.7275889725232817,0.7750264479851453,0.33750481359473083,0.8789757085727313,0.41869509335917887,0.08992316618905516,0.623295681464006,0.7168795202600702,0.05542687639030419,0.04776986475166156,0.2822581204112985,0.4602872231548537
7,measure_16,2047,0.403629576376068,0.601600252435707,0.6638256680952919,0.204847185360294,0.5305665816548676,0.8582647780942414,0.7675401893727474,0.3059816560816382,0.5381901990709457,0.2727734711503731,0.8949459751858441,0.6444074510492462,0.27971827256079873,0.7761502619643038,0.9246188463497358,0.7194015152730292,0.9687229283490217,0.6790113916274823,0.19705459768490996,0.24247484414222886,0.08008923244778154,0.16513031993807625,0.9364103143534417,0.903064747997438,0.4097403066357337
7,measure_17,2022,0.8155892859870105,0.2226795641951993,0.18886560622698823,0.9923832072809661,0.8312196511342537,0.8565149365970437,0.3505585214381519,0.07303054037242596,0.41202307405520444,0.7051568444658002,0.8681913034661597,0.6043175509430355,0.3082093637289146,0.6124142046587485,0.43353944309974846,0.6124414796969072,0.5835680297502579,0.24220778525261322,0.5469020298176545,0.2064086950338636,0.040032461129372865,0.659391741380955,0.06717166575918443,0.3357195607232989,0.5156880082979143
7,measure_17,2027,0.044968947565087736,0.9371117256802279,0.09541450221717218,0.4948419688999255,0.015276763377130909,0.284778685305467,0.511581129132815,0.7643340222455007,0.15654267820710543,0.35126605616330175,0.24644346321017474,0.2084205811150509,0.32572211953662455,0.13270799246897869,0.8610476961361132,0.3990183826046634,0.4228410432037871,0.4487517632207494,0.80288774441379,0.16389791886492122,0.31193109920145323,0.6938771983901515,0.5036291554216923,0.49176682368206037,0.8498525285494913
7,measure_17,2032,0.679089334422206,0.2157915547634126,0.03625915240093791,0.6283981081083594,0.5223547860727128,0.5263911339677444,0.21573466908117267,0.7120169531353558,0.892948823280878,0.12659881678470608,0.16608331710634083,0.6509411929787787,0.29345642315771403,0.9886463388517849,0.1679214915994527,0.45719428499377324,0.999310625896453,0.08993473928253992,0.2185804671882351,0.7877969530801666,0.8542674410696901,0.36506498053284453,0.386240412995984,0.5061983643224964,0.018932065407232468
7,measure_17,2037,0.31103895990535857,0.6124311681814226,0.35353457870000593,0.8582397414653457,0.41195829355737446,0.8076991872594578,0.8757091143516044,0.0483632371171655,0.4684993604853057,0.8863919243819617,0.07266333053771201,0.2586965903976237,0.9601103652083354,0.4220265530593814,0.24148852747107274,0.19051568496108473,0.5030204734202426,0.7664079856220036,0.921202973716344,0.5150789934797322,0.22768478834670358,0.8525119159999208,0.5818409355148672,0.9242184244928178,0.8846491129276207
7,measure_17,2042,0.3531062546954804,0.001826193127452358,0.18092382652119843,0.6478626732254119,0.49341273738307023,0.4996529643783578,0.4648352461644114,0.5155674003786964,0.2985703530305308,0.22378919497511485,0.6471739247579152,0.6230228256436686,0.16992571894860897,0.36792383313264654,0.9139211902400415,0.3578040461096108,0.7399333010901988,0.7850437029940236,0.9366064251451763,0.87827968202691,0.9097747992554107,0.74062005853956,0.12448866020526606,0.16535004209211246,0.3456537372036915
7,measure_17,2047,0.9681194913723992,0.5826251104797525,0.550428488598905,0.39951181156312643,0.5630751215342348,0.29775177021247035,0.03665621936261987,0.27780448260406165,0.5217706267914881,0.03481254468887174,0.9812931780812535,0.8980288759850575,0.941454395426335,0.5848219210223223,0.4679053401730864,0.3612215408860072,0.6397976608932582,0.7335932637390227,0.559112411846565,0.25466277844972385,0.07107270259130927,0.4821219280007789,0.7782924448660635,0.0763549396876988,0.3839017014586793
7,measure_18,2022,0.9461792266627708,0.4038718903926617,0.1399248426901033,0.8798477949128237,0.15299269029761697,0.5826214013667886,0.1997640235882413,0.18627044379567848,0.8675655763577674,0.689518915205116,0.7048766334658705,0.5727284730933667,0.9516322902842348,0.931836975742867,0.43971849466787827,0.35435696322078314,0.8982115086996398,0.5860960222925851,0.4755682312553927,0.9023652632443663,0.05285127214541552,0.9421151705885086,0.7668869184944861,0.8591011148083577,0.7285534343363643
7,measure_18,2027,0.04208979059550233,0.09612175123944133,0.3148836052517726,0.46907634375366214,0.30950531182581265,0.12304846054402174,0.48244142892384145,0.8151845732415425,0.9619806058833382,0.8460954066024041,0.3332674971505042,0.7967065428631988,0.09076085876490114,0.4881080719020118,0.04418620722017319,0.7522867218469834,0.29348468365448266,0.813250889478835,0.2804644622121245,0.5377079547309593,0.8796976534790498,0.3769197335865454,0.8281331660689206,0.7403187241426418,0.12014200436935041
7,measure_18,2032,0.6127393736818351,0.03931907416771896,0.5478197704626278,0.7973225243182582,0.041853162114676046,0.19522529219759532,0.9142168409323221,0.3965864349826447,0.1348644714806677,0.055383423766775186,0.21628297749524816,0.032608178006123034,0.6863960095515483,0.14829140076177882,0.005079080082828646,0.7398522883359316,0.2685548499088962,0.8406099759458773,0.20740382274019542,0.3232223131150581,0.49281421820796034,0.5475336093768671,0.298187527653587,0.11545705913234316,0.9373656061033034
7,measure_18,2037,0.6294577071293135,0.8093622378287053,0.4962922356744004,0.7019020103689616,0.24032030765558288,0.4788610694829457,0.12364123270393634,0.0368413259259559,0.08945924549586126,0.55838011839597,0.6160831530932438,0.6441147496696432,0.33694546187127505,0.7654535718743737,0.06775610447692537,0.14825028144388153,0.8280280069176011,0.7757802779012898,0.4714982254877702,0.7523807616593503,0.1224627348515459,0.0858617582338077,0.5718578265594606,0.7616753021092352,0.9381821479726309
7,measure_18,2042,0.11648108832993853,0.4581521297212259,0.13719556194486615,0.4475607562372387,0.4590034027296329,0.7504839858991855,0.22121779204310454,0.48598414728650485,0.41089986018034497,0.38815369001577704,0.3125291618993443,0.19086010887303884,0.8066580176889522,0.6821836587994247,0.989496251848033,0.7804762921850771,0.471944396443981,0.6276027011124682,0.2879235212544242,0.29663662661434154,0.9175453806988709,0.002923110895042491,0.7691191506965247,0.04239307587151486,0.794629555051477
7,measure_18,2047,0.45487784825270605,0.9167096835632625,0.3192873584846029,0.13172574382566282,0.9398166363121191,0.27482133136450293,0.7447358677435196,0.9562890745746624,0.01183120682221539,0.44663637385722643,0.7740892536359804,0.3331053721082904,0.3396216079459152,0.8943831491811277,0.2257922630390231,0.5949565880667991,0.27853853989128396,0.03328223823624399,0.3407124803251276,0.03671397744045668,0.716790178626852,0.5304199314310707,0.9847146780216409,0.5931792349852001,0.04247954057208536
7,measure_19,2022,0.9321903166358616,0.08261372372921938,0.6491035846682975,0.9713541266013771,0.33403151414001575,0.8314547988809315,0.08879725691727614,0.5827509733354278,0.1386974464317926,0.5709947311492959,0.47063408208992574,0.6952492196084901,0.4360513991848525,0.42876920053785605,0.7959188654444184,0.6971597967366914,0.13147704223766132,0.41826559866354507,0.7321698647077881,0.7174839979624269,0.9780607619292679,0.9683188697148725,0.943381089015251,0.9437021312839952,0.7749984479012653
7,measure_19,2027,0.525336936148632,0.698257688980828,0.5571127447589361,0.18979632508912136,0.6254528736883617,0.5310671058499085,0.9149359760413266,0.6448397975546895,0.4914188777345879,0.4731616630323281,0.3931535626929721,0.547629310168476,0.4524380767974929,0.7963927521312668,0.8916786346462804,0.3339698777473564,0.8210918128593113,0.9472989399994712,0.6074228923484054,0.024982843850731684,0.5914365596881804,0.9156107439991461,0.32534141239177217,0.7694929537195597,0.07343788289857123
7,measure_19,2032,0.6908780772602107,0.10182937751119203,0.9893456389686568,0.7131741134490273,0.33860573882413336,0.9568105498048183,0.7237205343700747,0.9791965908403506,0.05470253496049704,0.28076821914233707,0.5717269577727383,0.3000550975981604,0.03739512614826479,0.8455039234139852,0.15521883166093264,0.5238155712234356,0.36402208842804673,0.8739154835846,0.61491290286819,0.7196183998160319,0.2536158363889538,0.549680655862617,0.30710947817994694,0.5536427903554855,0.1458310938595332
7,measure_19,2037,0.6782658051864442,0.6723965507934453,0.06194992894479401,0.38036202662591856,0.6077691770878826,0.7995495420481582,0.3243959080172656,0.590078145480502,0.33993183308475416,0.2674401111860495,0.28041071121364003,0.43854636974931704,0.8335028321221413,0.2068153565319084,0.7492695255143696,0.864353731765576,0.8453660118978612,0.624306624397725,0.03603347040233573,0.9416131001193652,0.3849439086653895,0.4391336559458957,0.558180499377359,0.8142418282514996,0.7938729539343088
7,measure_19,2042,0.9106995679632789,0.4118405488581486,0.3331173983318725,0.9919464480926726,0.8185384778537099,0.1653404325028669,0.9950487676360615,0.32252183101470155,0.0801040260992365,0.03326246250730347,0.9108307175780418,0.5783300936506651,0.30468653232790577,0.5458501457216116,0.5152129076041622,0.4754405294992152,0.7664380293225453,0.42276575804868,0.04604982462269436,0.7889881215174978,0.4349807246755667,0.4292031037820958,0.24027592651075835,0.457493361706351,0.08350680422108736
7,measure_19,2047,0.31760980863725774,0.10295521939633778,0.992698059716088,0.7758054030069701,0.08678986396893007,0.19229917330045232,0.464277598222934,0.6375629861372585,0.01966167138719932,0.9095378952318726,0.4228473737408087,0.45352368331944437,0.6476499504517464,0.5497309589205815,0.28897401498259334,0.4385154759371763,0.027422803068448354,0.2838957495970398,0.4500026056322034,0.1599798318394573,0.9784079723794891,0.15327688566346664,0.9355505799545674,0.22731130312905234,0.2621917945490335
7,measure_20,2022,0.7814371433365492,0.1318088205786082,0.5471580582412182,0.9526895791622444,0.7351817672322454,0.4031083645600032,0.04101961157105616,0.5352912552116603,0.5828254671956901,0.628401128877946,0.46488628150820044,0.43535736864563,0.3245432246974508,0.23520302786393799,0.36136238991704095,0.5548291484683127,0.1753353659573592,0.29248447238104747,0.7439062851430096,0.09600904513651232,0.06616938668141437,0.2503796980157992,0.7092820003036648,0.5844739788146063,0.9387158850593511
7,measure_20,2027,0.7757798811752346,0.23117944059197992,0.43124061552356874,0.8300842448096744,0.05686468338979378,0.3716242044950858,0.38384366875445886,0.5369167986071232,0.2753660492072093,0.649973526655808,0.0030269280437610346,0.5979157100688315,0.08993990055249634,0.8241063395085819,0.16222807269243877,0.7111363488470454,0.1170888617790583,0.6258360117176961,0.15190076843225253,0.19694391915264042,0.23200174923490524,0.2163617804344663,0.7929656542003181,0.7405754765511186,0.46546698635057393
7,measure_20,2032,0.8658786136508065,0.6894143441886437,0.739928717489582,0.028821805942666257,0.32845478656827287,0.7537877726206152,0.9923137267016862,0.7795401064634104,0.04279482531981049,0.06835077196786299,0.20878852426761818,0.8987995004984388,0.7874058142126543,0.7905666974459021,0.268086749746271,0.14530508828872346,0.6015675959034996,0.5587875793115515,0.25552798596377846,0.13919184981959587,0.03567723320063032,0.6074569800349435,0.01793486012293588,0.4003633036598414,0.9333804250225052
7,measure_20,2037,0.29820453659436696,0.1590806436020814,0.4240504482948395,0.8674626502260584,0.2977359815790983,0.6929398584764824,0.13212716075294184,0.8741378627195731,0.7678310542617345,0.1169107820269677,0.6935182140108668,0.02029347172968854,0.573324488871133,0.17391848988963488,0.29113686128301974,0.051823493449148605,0.6228325950559223,0.5602843459590187,0.08702278262941487,0.6317821437108574,0.9040695303904638,0.685073464277838,0.06969391534956004,0.5967671070645933,0.06554757977587211
7,measure_20,2042,0.24241131498279556,0.3519254751913211,0.2897117248867036,0.5911183635419869,0.34832399111448054,0.31691735396571075,0.7522217583355484,0.38096227529706816,0.2336917452317646,0.08440664504311968,0.4779943750410659,0.9928609881869347,0.16499163604548917,0.9490941076015239,0.030993366872169803,0.6774061243511467,0.8521980470446782,0.26257712380687326,0.7730606372375229,0.19484409163355476,0.9981360344264762,0.2010059154439081,0.9908797743837061,0.1314837869374198,0.9086711364243274
7,measure_20,2047,0.04722468267777835,0.2427597159006465,0.42570082634986406,0.17064849164844043,0.654091760143635,0.2751474350769252,0.1683383226696794,0.8480285771961142,0.67822153728689,0.2712192269314869,0.16111153020204405,0.279295185918221,0.198585847150618,0.412884715286031,0.18275553264010325,0.7733398144447635,0.0043545738763512976,0.43374871087215716,0.8162826484261774,0.6864619178247869,0.5362335350775944,0.823965778654753,0.6636447685861159,0.8111000261524064,0.4188148292644067
7,measure_21,2022,0.31828232969961157,0.32239956325103614,0.6686103636780223,0.22386613725005544,0.575915307221591,0.31124942790054766,0.6440989511728346,0.09765993871221512,0.4819529939344367,0.4475800831574226,0.006972390054343802,0.4741216377076265,0.9432716113562472,0.38362749008705554,0.8271395169327223,0.8222704466027261,0.46370007487424036,0.44241419312317154,0.15646553576718647,0.703540540258105,0.799387412886428,0.8082744048119531,0.42635535258539203,0.49791847595668526,0.7308661515503945
7,measure_21,2027,0.24206303674112817,0.20047054570748668,0.15268326496955686,0.5611449378152358,0.045314624126892356,0.17857908169941672,0.5042186541782425,0.8110881478623554,0.2382060207810046,0.13022918848726717,0.9054623549262765,0.9235662648641472,0.3654804004174381,0.8898406255519784,0.42575232631636317,0.8610700832518812,0.8160788234305514,0.31532155997524847,0.34014170319447024,0.799376906914,0.41767398810968126,0.5074623108215502,0.2937235419659302,0.5800545816129754,0.6944308960421132
7,measure_21,2032,0.6507947424832803,0.856988939292455,0.7774659419034854,0.46788817265056626,0.6769226204374504,0.6487410063664447,0.265641543867725,0.6667190667198338,0.5284634206265892,0.39308135966034496,0.2500225877070459,0.32404741028219264,0.7614194639000272,0.5520571268242811,0.2044073769795638,0.5400448240494817,0.9152959064701611,0.29906927843916975,0.5866490700800433,0.6338307534060248,0.3323172801538662,0.12534910150208278,0.14951925180997216,0.1619803475750402,0.12763697887099656
7,measure_21,2037,0.6599197286699331,0.5737918557720402,0.2546867587011158,0.05342657266286943,0.9572847052275718,0.5199333325907342,0.21480153203677865,0.9212425879616584,0.6261244425943306,0.5200433546691092,0.22770406408207966,0.41092887872885375,0.30820318977351613,0.8847558119729185,0.8781547692262014,0.7647062970576263,0.8936141591878832,0.5810051360495313,0.29265299648104903,0.21512419778990277,0.8148157652223763,0.5181180918787426,0.8566612839314836,0.638100229655663,0.027704995155891976
7,measure_21,2042,0.015329453453683084,0.45816417269996745,0.40186562029883355,0.4162035941211386,0.4994472487168784,0.24796905107896672,0.6696914218253214,0.18590860062370218,0.2371067153662446,0.43648871368451037,0.19018253084583348,0.2911931679799449,0.4356044951198579,0.9157634832802357,0.940011469076006,0.6933233545495486,0.47939629681643803,0.8469595009644811,0.5637720017294084,0.9166572478177313,0.07682095320697802,0.6443544891161491,0.0797919680590764,0.6349388322820568,0.20706721955537766
7,measure_21,2047,0.005823910798601117,0.056355325468486206,0.8291729690580011,0.1781430380972403,0.8418796984236372,0.8428746645190903,0.1700264131460979,0.7505185941910253,0.3976388989992695,0.8931121776874239,0.6357182364738512,0.853071071969775,0.2096411559747532,0.961810781618337,0.03379939141531585,0.8128960394691309,0.24464057964147068,0.83167505986102,0.8671198359200574,0.9570880278303944,0.8065372689863717,0.7709410519068066,0.8120487301318943,0.4100659490126848,0.20589861152012878
7,measure_22,2022,0.5179404336730072,0.7552583788335613,0.8287145464350756,0.33113520461145984,0.42894065001451664,0.7164129357426974,0.4509026855909808,0.5336078589762749,0.5889926469828716,0.19158237682524093,0.49641299995165555,0.08978986473982653,0.04012656579604135,0.8284532192130067,0.7786685032424258,0.5623281818007615,0.40087128613910794,0.07020941419934046,0.48269534553286186,0.1791106204080567,0.09937511260013565,0.8851013246967309,0.3597168786425843,0.3602811817063808,0.8775347638339346
7,measure_22,2027,0.9076533121145961,0.9617444525637879,0.94048194161853,0.8184907558784088,0.36954337621624433,0.629083566617727,0.5659078037582993,0.31281266801657615,0.7323630711743756,0.31319247530430905,0.2257674163735588,0.5704453133252093,0.5602146457862545,0.8486357092380136,0.648705682756658,0.5509581074417866,0.05424614818217344,0.37704862651851634,0.9688014543686844,0.2264328815374408,0.5468671569524971,0.7274662763216858,0.9493873367723078,0.859954748502795,0.13915573060024633
7,measure_22,2032,0.779321371112951,0.25290723501783774,0.7685838327342835,0.361017034892128,0.0547932575426463,0.13815565413525832,0.6875995615608975,0.6503648100125822,0.6623782894658854,0.7067465634927272,0.01807533794705196,0.03626972592483324,0.22641327021057012,0.2354105464189179,0.644383402360787,0.7361403979513322,0.8648112441214008,0.12016595248339768,0.5927808443376913,0.5599555051596361,0.6661467837277995,0.376326964479642,0.7482017446228083,0.7985981657088912,0.6400359374785214
7,measure_22,2037,0.013982471763854143,0.3179085178970463,0.8919523199099314,0.5532896458935034,0.4658379548737147,0.45625224816058885,0.6375679859814138,0.6108513996413008,0.35264976361170297,0.9356659052080677,0.5574189865940378,0.6402813846237972,0.7967334543625803,0.3990512179846196,0.5169105485858617,0.9731835170095969,0.4984597477135789,0.7560143109744335,0.38727749115004173,0.5206908207662047,0.20151803298097415,0.21981675922866928,0.12389781266052213,0.519272782733215,0.3178683336176973
7,measure_22,2042,0.9898710969049661,0.49123443019574675,0.128261011819775,0.12615521288463805,0.9941906307055761,0.7118294223510246,0.31494216092982696,0.10887812111300421,0.44116437042961854,0.749478909738908,0.31702552633226855,0.19482229333756662,0.8733963644004223,0.7150371444606396,0.9043209690636286,0.14035468360627168,0.23750818848155153,0.4631605677084233,0.1580850739776738,0.05859981815216042,0.6584194950046516,0.5004609572017441,0.8170121448100134,0.7795395844443148,0.13173636166875224
7,measure_22,2047,0.045368489964433656,0.09961016512614151,0.9153043820676817,0.9986246322838442,0.5228232559669593,0.26947895571424385,0.8623043401003337,0.49103227039291664,0.45900568683261544,0.952638124161333,0.5044364711171071,0.37769091528670384,0.803938572881217,0.4675876922546893,0.8417537533898568,0.6089384494198954,0.10321468357703356,0.974802940464619,0.5676816777188995,0.7146315099567608,0.8813949393558237,0.9330860190871839,0.29411082870441574,0.9335246768832894,0.4966839254404065
7,measure_23,2022,0.7875265561275006,0.6413969217419557,0.9977275452017988,0.2141048799270907,0.556901828720334,0.9734365183525543,0.18232603976949846,0.5984786617940996,0.48848132995357985,0.06954386859792716,0.975065830391179,0.8600774323418681,0.5163400818864486,0.8006068341483858,0.7512262017318132,0.9932825209094747,0.7986089968293179,0.822754163580519,0.5745664418844553,0.7383306679557292,0.9410048109592299,0.7285953350457821,0.3284088147056755,0.452557162029379,0.5643374651460813
7,measure_23,2027,0.21548538216443025,0.11864623250844175,0.5011265864104004,0.26096253966673655,0.9813782758860338,0.5470159365395666,0.1822314428202415,0.2730608698858328,0.9727004335018765,0.9136601292049081,0.9723165026267192,0.38378702113018637,0.9836576172070945,0.9935081658257795,0.23283523253464433,0.11907241749002839,0.5953567317424313,0.541906926949234,0.20201788569746493,0.8847073611869001,0.5990872905143847,0.2731388870221999,0.2835553539008724,0.15233036485733564,0.33669190221028966
7,measure_23,2032,0.784991813029389,0.5741379302973049,0.738749434287844,0.29020712373261104,0.507120232679258,0.4781012892682661,0.2581507938856452,0.23685473535757207,0.9691358972832755,0.26912047560292374,0.7944508937886808,0.0718474179072851,0.4290621624623928,0.0997269017607646,0.6141951570757319,0.2726901196681526,0.5302237668477706,0.21125860848099753,0.13622416389639114,0.6211005731531813,0.2840666468937918,0.22683479319170674,0.8952227602679631,0.24586601199010494,0.5475991159833138
7,measure_23,2037,0.4603305821673861,0.6509635788356,0.9189697956376665,0.8276929702233613,0.2434028312155323,0.3157146521671804,0.35113002742965305,0.8012390349619063,0.8244377961847177,0.5216294703672403,0.8384594287451087,0.8558204223112021,0.25381060406280065,0.9383952838509111,0.8133604342097794,0.20437332257855867,0.892416670613302,0.28110738679800795,0.4912248474844838,0.1660653910940223,0.031605647366143796,0.9159927259598611,0.8227024052867602,0.898155205372789,0.7649169984554972
7,measure_23,2042,0.11265688990856526,0.9569483263811503,0.9250501581482502,0.8116568029340115,0.9890794735265215,0.27202210279668837,0.5005674946700677,0.5714484796322135,0.0012293463296036977,0.35672492653660237,0.27491444842499857,0.22724988940721558,0.9695862986648668,0.8223217028858695,0.3721302647158916,0.13471133104238886,0.7006614147151503,0.10590861711889743,0.7816094099762618,0.6846654622139842,0.5131332151993273,0.9245910279250538,0.5477894546323285,0.1035837043817015,0.9713871048395599
7,measure_23,2047,0.9918018104731353,0.7948541381492653,0.23127932277840713,0.5279738730574935,0.018023298155737888,0.9755871488508752,0.7813490365949474,0.3615659549891772,0.5490383815067731,0.6321806207443897,0.5940312005700048,0.38235260733373,0.12558667208176766,0.10782484212233223,0.4930681471432441,0.54280433386219,0.3545958583475418,0.43949300877347075,0.8612782830492987,0.029887598906437773,0.09730065049805459,0.6589262387611622,0.01831924119035344,0.5323401621014067,0.031063106267814056
7,measure_24,2022,0.32760385634663813,0.18178254768036006,0.6759074423507213,0.5086540710815042,0.46250374511156256,0.8229967209330029,0.9134434290475882,0.6596921330261307,0.24107971133281703,0.5192264467146946,0.06752470176113878,0.6259356555937735,0.5714123938551969,0.42101221639062403,0.054681088752621454,0.6049245785985762,0.8951969386337387,0.7158636645150293,0.3172704503321565,0.26406232107452365,0.5691281485030355,0.2876631177866389,0.2131788938890219,0.5539449825818128,0.9418513439634548
7,measure_24,2027,0.7170141261908183,0.8306728368396271,0.12621138723360403,0.006469914990874792,0.03627224269195495,0.7371402875756772,0.14100461616104742,0.728486537699764,0.6361052792795258,0.06878434824053281,0.5892115471503523,0.5154384651763846,0.9606152575641252,0.31636533229455677,0.02524896121943132,0.007477558864407152,0.5552203962555826,0.9521826772447939,0.3654231086898154,0.578566898599076,0.6125190201558041,0.7964670017535582,0.09897837144752752,0.2407971844142901,0.4500180521878119
7,measure_24,2032,0.2925069835231924,0.5276266685786476,0.8539213539650001,0.49678004839633194,0.7591411242794435,0.5258031070888065,0.22816206447321163,0.07130728495622807,0.3179024183982869,0.3429377499900197,0.8455088746233114,0.3794984375655319,0.2673674826050657,0.8312170824467247,0.7734270873785525,0.5675251053139433,0.5670217390030731,0.8131007485221634,0.7716434377247837,0.8912685897564159,0.2311181809869871,0.6723138253891247,0.4583901892339396,0.7072552291938506,0.029442356448471374
7,measure_24,2037,0.18926825226471433,0.5154061146404431,0.1751570910344309,0.4603075144661617,0.5216489597603694,0.9625598026416159,0.06413339048051814,0.4344423958089446,0.5981306738372106,0.5232017864936664,0.8250802095258446,0.9118839840316892,0.3829389004887035,0.5046309215412408,0.36858309848646587,0.12560038157513365,0.6012653689707077,0.9261029993269372,0.4000130117778685,0.8804823039690163,0.12129426696480516,0.8326551087107021,0.5257218893683882,0.8186475441298946,0.39900938875727787
7,measure_24,2042,0.8695457664770628,0.9878714449777258,0.12445986361110706,0.04759806051020654,0.5456210539369442,0.2120119103086474,0.9489248533451771,0.7198763660898984,0.8705571458757593,0.7520385209717177,0.8737669741275403,0.32290933027120305,0.2767937612701752,0.8808240030556358,0.9284860936328435,0.4066439635584638,0.3179670980078957,0.8168485149009984,0.7938275545926556,0.3334724347314234,0.7054528032725093,0.891999317847047,0.4511805500662087,0.6818387826157013,0.2376517404719264
7,measure_24,2047,0.28480734609460834,0.6928593234911687,0.1534874901057568,0.3343091737015187,0.9023982856537283,0.037593155541224776,0.06641818416239098,0.9767001070927317,0.8514161737115521,0.3178793789143446,0.4073918454703116,0.40693957809912007,0.5833497725409953,0.8367956206159127,0.828262416103941,0.2985747284525544,0.33564442199053546,0.7507395216224975,0.7214819400311113,0.5036084511373737,0.36617737789553584,0.3103394198870887,0.9519202489278784,0.42909213139625957,0.6094494245483907
7,measure_25,2022,0.30434726823588787,0.2734677772037525,0.8001319543308241,0.7259113853011965,0.6880234492989324,0.8160351060029295,0.1596340369168624,0.06389405542080773,0.906734162871579,0.2216695460290552,0.257667889095589,0.7228874588972679,0.16283408996951376,0.6093135288498988,0.854980800070915,0.8060411320381428,0.5455629165087053,0.724476087361796,0.8870433674997672,0.3565821464874037,0.2372949113482632,0.816245700890018,0.9407226459481172,0.9348498115438076,0.7717777305007995
7,measure_25,2027,0.5096386398877124,0.17760385559021008,0.8695480813068189,0.5252080006456081,0.21707656753054616,0.6700959187055288,0.07459989160949099,0.44375406568760356,0.616943890256376,0.19527987096014798,0.2918015882192474,0.8442796167970571,0.5900749245450376,0.24914300722073124,0.18527457562098748,0.8502181314623555,0.04388045909358651,0.9929244527259153,0.603171401885334,0.03709580117037825,0.942694618734349,0.4572128563075587,0.076332473823857,0.9987159930860642,0.2336349812252858
7,measure_25,2032,0.5383506006423776,0.9151578368303687,0.39392778886315094,0.11932314865996863,0.17620544283242745,0.8271868055037166,0.116617982904195,0.8799963098442681,0.05020150487703656,0.15447488198341375,0.9829833589570219,0.9691764863363338,0.4928834239629962,0.7793029840268573,0.3137131439022962,0.44100706796342826,0.4674952127893187,0.8500293212986775,0.6619544350946758,0.23430320320642672,0.9434615458643576,0.0890147279314426,0.8834245538905152,0.29784786156685117,0.7936456415462108
7,measure_25,2037,0.25282365701611087,0.010265328937051121,0.7478421181394349,0.19242296308066098,0.44168716279142217,0.5389239229373828,0.16445497238025242,0.4486867692325699,0.18649785571776445,0.668524019646534,0.055430512203372584,0.0620021349422063,0.953437429035268,0.5834085242457916,0.8323088724435256,0.5800535964668807,0.7524889855192418,0.711742020665351,0.14112802589285423,0.24416496507945595,0.5669509997220133,0.3601989450017641,0.656692693492894,0.2302907555528566,0.7543797241626942
7,measure_25,2042,0.6960768672563474,0.026794442913088634,0.8362007391106454,0.25746671218087536,0.20249050583295725,0.8731130253495326,0.826284819875098,0.5175913860173561,0.5211287520224888,0.9787016591629969,0.8691677497104571,0.7519742396695862,0.5990506467860526,0.3681957893658101,0.9496856704211676,0.7919934743908194,0.9675528086509129,0.7246241052874927,0.38307798192641696,0.11717003300290785,0.35667815440889805,0.3724359097239135,0.7452380063275783,0.7848127501839559,0.5726830129261556
7,measure_25,2047,0.1869776598604549,0.5739154130415491,0.5268728304711116,0.6896925364600658,0.8589310415547182,0.1335312316783922,0.35051174993011847,0.9255631431343678,0.3879079926057607,0.2680903567391325,0.10452127833250557,0.3062914427165684,0.05581044715045291,0.554814136805862,0.6092815471836056,0.3994958768493383,0.1533193077952113,0.477695396511179,0.12765283431972574,0.15971609481620008,0.6755786227644559,0.15746712332073487,0.9616456852572945,0.7346301885935081,0.4646775928959742
7,measure_26,2022,0.16056392569972833,0.02281849676264558,0.1823638418888769,0.24043484038007168,0.6759468714749415,0.40166181063303175,0.3497934598685558,0.3477229851124768,0.13598767235147236,0.08315233659401977,0.9703568230241962,0.7129097666757984,0.5987492924321076,0.5443316732668787,0.0333439642554626,0.4090787073049449,0.6189259127261625,0.8183482688576735,0.3925458699914083,0.6693463996708215,0.6499242867257384,0.5558909337781066,0.3088619977350293,0.6877179378053054,0.3797491547924542
7,measure_26,2027,0.6621324211847449,0.4235860864069634,0.7911965736539134,0.47399873868806186,0.8972225337928713,0.17733147327754117,0.8643579015791024,0.23535579977494914,0.3461974800391653,0.013513696547676424,0.9115703645119206,0.017613539049377458,0.561734433364589,0.9670353115413927,0.5177073783113552,0.3249900713063312,0.36239681619188624,0.41428470790862226,0.2918344874207487,0.054482855566919786,0.4493618972002693,0.27084647215090674,0.39844129575357257,0.3666390844554105,0.4782552935738915
7,measure_26,2032,0.09594830336457127,0.6983029067934418,0.897316773644908,0.25060136857524684,0.8365441940603007,0.867190091220457,0.5214251237018616,0.6314484426545866,0.4790069180049539,0.859934191933564,0.20382080290075333,0.6166337137004322,0.10915986545036527,0.6467319794391078,0.6709843717942369,0.99695562693339,0.7305145819662715,0.27452192643203066,0.3592459994099859,0.3220077785102693,0.7137189695938305,0.9804394988194088,0.09971474287592219,0.05950971338889366,0.18041696373208282
7,measure_26,2037,0.3045887391471136,0.6846818161466348,0.9011913922399301,0.40070669275798654,0.9185199422963901,0.9427614387883297,0.8783144044915984,0.46728276468140606,0.7520638944911208,0.7732391740100047,0.23551723457007545,0.6094493313397097,0.2431046521692496,0.862607486609162,0.050863606449515264,0.7386359245223834,0.6076104266943989,0.1460651888910275,0.03887690352280848,0.32616059780706097,0.7322633773415101,0.8565617903457422,0.07259763593571522,0.8831043504568606,0.9205318919732945
7,measure_26,2042,0.7053326623366425,0.8579242312671113,0.9261082139590402,0.3712670203405659,0.043978877608076394,0.6917556333738614,0.41966790812977184,0.505974441160012,0.800458048719571,0.48724421143091246,0.47490381613541277,0.3199857505978809,0.8027060726348217,0.30164971901801907,0.3128413809597079,0.540225845940506,0.18042405448592014,0.18661695122555833,0.7930896125925748,0.8840522402435597,0.5947737628551187,0.22556453498333162,0.38814894991866733,0.13899921662028503,0.7907562363226927
7,measure_26,2047,0.812007426007288,0.022951946675679347,0.5474292691666443,0.35244354699494673,0.9675793129150799,0.6603325679412007,0.9106825622037662,0.9681770859670331,0.48383863795917137,0.9835755068327336,0.2061596887121212,0.2055016996361302,0.628452127374851,0.20212601372105954,0.7405545722125872,0.8027699763107711,0.8821090344349785,0.6999168206273358,0.19569796611094825,0.989647232903144,0.139855797776282,0.04334122656634776,0.01986121126475693,0.6115921152277969,0.5221636665536281
7,measure_27,2022,0.24758315944307951,0.7798071920072523,0.9136627343000755,0.9836681207370854,0.7304381391392643,0.33970461170975064,0.7943695804330133,0.11482649693486091,0.8892124903684046,0.153425797749976,0.2904649342342701,0.33028736126117664,0.14261475429534676,0.12282360866368458,0.725695918735529,0.6243079407203838,0.18173176900575483,0.3283127355277876,0.026236199839029806,0.6339168058111657,0.68147124964461,0.3375440258912381,0.37461366435176713,0.428656606862429,0.7098998419559899
7,measure_27,2027,0.09782503760249306,0.48426825827935693,0.6262557123080056,0.050098902624481134,0.41439592627028254,0.1736410859668971,0.04474130675464505,0.7669819161318067,0.0825075523858505,0.04039626857853984,0.7895288963251785,0.2926287390331863,0.10326586025688023,0.08475859141959408,0.3647068125167172,0.2873278979484253,0.6503162978071546,0.23122740782600737,0.6929768037677275,0.004998283330866382,0.45243955065766417,0.96510010602247,0.5903081429722887,0.6380930077402986,0.7911078519009989
7,measure_27,2032,0.1154474878212316,0.6025481984027766,0.8920255592218977,0.5331132716584759,0.1709542432424681,0.6509844385395676,0.9969838176353635,0.6212008910587418,0.1729779273002715,0.5508853422039205,0.6439208344418105,0.3032797692985112,0.2784154019226195,0.5765044066079552,0.004856865743532501,0.3132766161231936,0.18659634872400088,0.5097301383580627,0.21424602386541014,0.7193125527224598,0.16877880751528784,0.15751537643174196,0.0437932515368028,0.3190934845084419,0.6890490124893807
7,measure_27,2037,0.13469176119932758,0.64039576921187,0.47692877635687403,0.48821351925307044,0.8407570452698789,0.8252239843094442,0.04290348454965698,0.7732383658949277,0.042981694600058074,0.8071561449832713,0.9969696481391223,0.3146025008417871,0.08136934859237266,0.7479113758316016,0.6667414233759097,0.9636588523373355,0.9892263173531224,0.9236732802261641,0.9950269366856868,0.2520078572340495,0.8103923587042339,0.9676439050142044,0.13303062059494708,0.10300814389458679,0.20106704341211223
7,measure_27,2042,0.5932075015091464,0.6783591334755141,0.6038625321337341,0.7500220586733743,0.03970008439268946,0.2588608642158784,0.05481045953329955,0.6497730154166402,0.20302569955872463,0.4992422327687839,0.08931903121955742,0.07439516397678292,0.1523792399892554,0.6734218555522408,0.5960747821223916,0.9823356045098826,0.8260050879263572,0.16386795057490822,0.040616656699273834,0.684493254847028,0.07192627471066071,0.8979362735906886,0.025456975675370863,0.1311487428459367,0.2842195194846424
7,measure_27,2047,0.4277616908783046,0.870356364132814,0.8373552264115961,0.494069604319333,0.2886273623642349,0.3233216856805854,0.5265335851061352,0.6259375099253162,0.6035938866941642,0.5973946240710913,0.4832962020785574,0.07605976117710656,0.25751446305410397,0.9709318031320228,0.2380273514043063,0.24423831800305518,0.03771467528359185,0.6263185064032297,0.2481127516230034,0.1467350156674312,0.5000573785811233,0.03751867450582691,0.5089905038235965,0.32550118429227615,0.26649881754340077
7,measure_28,2022,0.35596603685742434,0.6670679969924673,0.902376523593222,0.6601528422030125,0.5318781269117588,0.9956611774621759,0.622763465228795,0.004124540333487081,0.223743930253811,0.023475273671191288,0.3585727438211831,0.42988441868554084,0.7550744808195451,0.08094763255456872,0.2588386297453783,0.8106638738548501,0.4489759070585385,0.3045418447220858,0.5393064386742765,0.031215977151389462,0.6504989855112612,0.0023436575709406826,0.591013967013659,0.25192911701151444,0.9779968141784573
7,measure_28,2027,0.9294910959270639,0.19139567012892666,0.2643347491888659,0.2452564894753112,0.9418739521258167,0.9619761046035139,0.39853547819277724,0.9752028365503366,0.5634265242766396,0.9681554798237423,0.987454468079158,0.48012271085918035,0.12717637919030012,0.882522516333024,0.5563816913765476,0.1671944021374544,0.7475940557413793,0.388018680081075,0.6234964688405967,0.3019365462270316,0.11032085486917265,0.7291242721252845,0.6723448894682125,0.06518697513668736,0.8924749167670855
7,measure_28,2032,0.4808386605128644,0.8148619391451241,0.20562139513428423,0.20928571121997397,0.5650768782282923,0.33187472816940333,0.004985957937247321,0.09125990846523369,0.7072879911048628,0.19076534721083005,0.6356444400706793,0.19852388291067136,0.7391912886363358,0.6298431778087539,0.7258433066145967,0.6440913767641876,0.0801515862105715,0.44613781365422067,0.9224353398994787,0.7215597257823878,0.9106490250212673,0.24134215141825122,0.7922194166988783,0.2031907019336694,0.3647682952591941
7,measure_28,2037,0.9541320469523847,0.4284177627893557,0.9951202108503546,0.800258166833716,0.678007485473775,0.3475994912996643,0.2731137523810373,0.8727793471312554,0.8863336068310176,0.8809098624595869,0.03737440532918135,0.48999147575047686,0.6315852998706624,0.9277171572694295,0.7289129347758105,0.23959113919222197,0.857165600788774,0.055874190345293506,0.2671739944311421,0.8438729678479676,0.4368839757220695,0.44803343834470444,0.02214260547786462,0.015943886770591442,0.017456206825724685
7,measure_28,2042,0.42790547215189034,0.7435997742877579,0.03112251012659606,0.8139494281524613,0.6646923758584464,0.6263214036990775,0.8253017590765628,0.9705037808790244,0.9857729427412605,0.47206274141811966,0.9518980461226668,0.5546274752632423,0.6679389075486435,0.19161476090323226,0.8862249184169144,0.8651394508434093,0.15129338310999296,0.39748033120669135,0.015110779258800333,0.84520157530234,0.46456488734435086,0.7323194918776942,0.2725499908790229,0.8086961873247496,0.8399499911669129
7,measure_28,2047,0.6971080289668893,0.5647129777971139,0.07160249835429511,0.37913393706308807,0.32145797038828317,0.16721076635808296,0.642848947102061,0.6057408455797636,0.4193534145698419,0.07022698662644455,0.029585022349948087,0.7376473661251208,0.0006687178470327071,0.34520074316926974,0.3224054969639458,0.16274020427556057,0.26497740735467645,0.9304056940412384,0.5854927745848961,0.8159781122279373,0.2677646545260016,0.4045375572611496,0.9672712746385729,0.49099699484731385,0.3822378422864571
7,measure_29,2022,0.5590402447330374,0.7023665355663007,0.981284467847751,0.7752426724105307,0.33506670784182346,0.5242942868594825,0.18130404394669963,0.6834923469261716,0.2693267487520652,0.04532359040998579,0.7553211830314591,0.4128377186448865,0.1663531260265444,0.679579089083434,0.8323036168601547,0.9848269060348169,0.7120364927698106,0.5334260695983458,0.31938084152106616,0.010832980084081956,0.39578609920403185,0.705891698083839,0.9838173390368778,0.2539028662830406,0.9001238251096669
7,measure_29,2027,0.9203229628722445,0.7633325878418975,0.49642287837943966,0.8697245507515831,0.4263532314207491,0.9154810525639712,0.6849062255582082,0.5973053963445346,0.7000281396049671,0.40430280345275793,0.14461126508870015,0.41085299142999154,0.07449003834294388,0.02450867570242976,0.9162659406746397,0.4542529212913309,0.4150410658935507,0.6320604269969684,0.22646958903738035,0.27805382784212496,0.38576262342028855,0.6986345666676095,0.3514568452087784,0.6821373442535554,0.038616727640884974
7,measure_29,2032,0.3293468638423239,0.8540869676851077,0.039827115307979,0.31347690363405045,0.28477718306613187,0.27479853848074676,0.9475795678789765,0.3510871501267938,0.2294228349923686,0.55295635689077,0.8841932960815849,0.7347137672167312,0.7383678940261715,0.5702883980793461,0.3786098942884438,0.8829370427637757,0.715326847806185,0.4613596467239546,0.4299491239835209,0.5650063016707341,0.3436800633869499,0.004613055402848176,0.6540671680254805,0.8140354632675256,0.49417481480829484
7,measure_29,2037,0.22210807050645665,0.7325024331557171,0.6310362152253344,0.474344334024528,0.8316778488924349,0.3593888869707029,0.4175775469147799,0.5825706156855431,0.036559415651215676,0.38520351172163614,0.034121576677076826,0.6255690694425594,0.7243650565283568,0.04718171812511396,0.49290486187213467,0.9007072388968659,0.39533786064367404,0.23628719145081956,0.04338330041696348,0.7986984099716556,0.9271389882235739,0.192259938300278,0.9895528932133107,0.7019797407357827,0.35048873101075684
7,measure_29,2042,0.23230086013858187,0.4680660452901928,0.2517434257687151,0.6769181207259614,0.6079437397958586,0.6558612787635166,0.026399220926015432,0.297110848021216,0.8041416352491169,0.6773817883240532,0.6014517709197793,0.12921900134081366,0.974689776304211,0.147225148481398,0.8558046538632683,0.3720960344887151,0.16405515750816868,0.2798831017601575,0.24563338421539405,0.9216066680444953,0.7776515300009588,0.3031788077269939,0.824372833031789,0.1245090668510963,0.43959298118627166
7,measure_29,2047,0.7310238059104973,0.8549837549737506,0.5937467106777182,0.8275267042246158,0.1890382306209083,0.6221617205548922,0.14470584780271778,0.6554656035305235,0.12148254478860787,0.3239984580056976,0.9712077509639298,0.9612325394707956,0.7750304902199199,0.16283631157536516,0.49267805734993586,0.8781709442658171,0.6941044928267504,0.6830915448346313,0.238639872146598,0.8589647640835552,0.4054443237126385,0.029030178686568098,0.6212512010145599,0.713491271973277,0.9510292219780702
7,measure_30,2022,0.48334983268136433,0.4043894676917781,0.3559362812509521,0.9463155513304883,0.4598204736651912,0.26687450614094255,0.35613572076362854,0.7701989302436024,0.5990491727190381,0.8793445014451029,0.5984516297449863,0.7825672048053023,0.035918604232267226,0.5238985985490666,0.07661467714278747,0.9934049252543342,0.9032007091336282,0.47726445546637575,0.45905242617573006,0.7473304931329453,0.1641771681723866,0.7509869675452489,0.804848031255455,0.678669386709577,0.5153657679621013
7,measure_30,2027,0.7657677504143373,0.874965564639764,0.1708923159417045,0.5371446510320511,0.35511376424183405,0.22903183416718742,0.485129198048025,0.9426433085265532,0.1477623427454534,0.45302212389718377,0.09752755285371839,0.889773307468479,0.9672858908292465,0.13671364272820197,0.33847976417198233,0.4493164288383251,0.650628773830387,0.2542873325565126,0.0069157382924385224,0.13339114130281549,0.9796992709184729,0.08380227716209898,0.6946731900932306,0.2640926156204597,0.1871688998169012
7,measure_30,2032,0.8000044698799871,0.9732595130745458,0.4521752282462741,0.04774921166579149,0.6391466679962101,0.26538727037551924,0.40991374749914755,0.6152656432583519,0.8420229298695278,0.24551639718306817,0.12432537016761092,0.6890403989925665,0.43318890010411903,0.10594516482177985,0.8872331196639767,0.12779822560534626,0.29482800874319604,0.029593882183976516,0.059032644765785736,0.8633239511009048,0.17845906084412255,0.9744933655099643,0.819689809780331,0.027904556546280657,0.09034748403219683
7,measure_30,2037,0.3511362813496436,0.7462679353871324,0.49785768736605196,0.4080678874645022,0.7803799982984224,0.7200228332993435,0.6263632386592697,0.4526092457885029,0.12346419493387473,0.7798330982557686,0.05243213778125044,0.8817857620689279,0.945977671658328,0.5680174041202766,0.7320809218410369,0.9557254034831983,0.8658331032789282,0.34092297631696467,0.3788667133266981,0.9304505957531817,0.4369701491186243,0.8140645675336109,0.975546182799601,0.3261237668382523,0.8236609939353737
7,measure_30,2042,0.004101399183697008,0.4619118864552465,0.053294716880672,0.6323161574372094,0.09584860047083665,0.12235331411005756,0.4234754215612103,0.36165692562591145,0.3300486573969621,0.5785285363181872,0.9512065446049252,0.9213199909959997,0.5786762236315776,0.5802771205147855,0.5237261083912987,0.4083497650291641,0.9739914580663388,0.7056633680676643,0.22991185122031177,0.8499757009230146,0.0890432409709383,0.045124555474542194,0.18624848158151242,0.46734112806580697,0.5084233818400115
7,measure_30,2047,0.6189088217785259,0.30771370891341054,0.34586821141575363,0.6550189978505105,0.8575358139937739,0.4445746200465194,0.9785460459791617,0.816124266102117,0.025484234918039528,0.35911114558661683,0.8669831937175392,0.9021528218798756,0.37453598676835864,0.51087774228803,0.634456001197287,0.07765978210280855,0.5329978421903094,0.3269431225677847,0.10465391491739784,0.4285830469198332,0.8366884426915567,0.9782427105977775,0.8546420348367827,0.2617824736472525,0.8221968191710523
